image_name,split
img21.jpg,train
img811.jpg,train
img856.jpg,train
img139.jpg,train
img1456.jpg,train
img1794.jpg,train
img799.jpg,train
img163.jpg,train
img1983.jpg,train
img282.jpg,train
img1935.jpg,train
img796.jpg,train
img850.jpg,train
img1829.jpg,train
img1619.jpg,train
img1591.jpg,train
img1101.jpg,train
img1289.jpg,train
img241.jpg,train
img702.jpg,train
img335.jpg,train
img537.jpg,train
img1188.jpg,train
img844.jpg,train
img819.jpg,train
img988.jpg,train
img369.jpg,train
img1960.jpg,train
img52.jpg,train
img1726.jpg,train
img1071.jpg,train
img704.jpg,train
img827.jpg,train
img371.jpg,train
img1816.jpg,train
img1080.jpg,train
img1954.jpg,train
img1448.jpg,train
img754.jpg,train
img666.jpg,train
img1247.jpg,train
img867.jpg,train
img535.jpg,train
img1283.jpg,train
img51.jpg,train
img1314.jpg,train
img1752.jpg,train
img709.jpg,train
img592.jpg,train
img1932.jpg,train
img424.jpg,train
img1174.jpg,train
img1097.jpg,train
img1603.jpg,train
img1440.jpg,train
img1972.jpg,train
img798.jpg,train
img622.jpg,train
img829.jpg,train
img779.jpg,train
img586.jpg,train
img279.jpg,train
img1993.jpg,train
img1474.jpg,train
img2002.jpg,train
img1631.jpg,train
img1943.jpg,train
img351.jpg,train
img1653.jpg,train
img1645.jpg,train
img1449.jpg,train
img1185.jpg,train
img1303.jpg,train
img1048.jpg,train
img1230.jpg,train
img805.jpg,train
img1836.jpg,train
img733.jpg,train
img1685.jpg,train
img644.jpg,train
img1012.jpg,train
img641.jpg,train
img248.jpg,train
img533.jpg,train
img526.jpg,train
img864.jpg,train
img549.jpg,train
img210.jpg,train
img149.jpg,train
img481.jpg,train
img1013.jpg,train
img911.jpg,train
img555.jpg,train
img835.jpg,train
img331.jpg,train
img1068.jpg,train
img1826.jpg,train
img8.jpg,train
img1950.jpg,train
img512.jpg,train
img359.jpg,train
img357.jpg,train
img1130.jpg,train
img652.jpg,train
img1290.jpg,train
img299.jpg,train
img1696.jpg,train
img1568.jpg,train
img1976.jpg,train
img1212.jpg,train
img455.jpg,train
img615.jpg,train
img1081.jpg,train
img1175.jpg,train
img1424.jpg,train
img1040.jpg,train
img870.jpg,train
img489.jpg,train
img1439.jpg,train
img1476.jpg,train
img982.jpg,train
img693.jpg,train
img1234.jpg,train
img963.jpg,train
img1397.jpg,train
img469.jpg,train
img746.jpg,train
img1611.jpg,train
img525.jpg,train
img1620.jpg,train
img1643.jpg,train
img1338.jpg,train
img257.jpg,train
img792.jpg,train
img338.jpg,train
img1878.jpg,train
img1400.jpg,train
img173.jpg,train
img843.jpg,train
img1146.jpg,train
img755.jpg,train
img208.jpg,train
img1176.jpg,train
img1820.jpg,train
img957.jpg,train
img714.jpg,train
img1085.jpg,train
img616.jpg,train
img283.jpg,train
img614.jpg,train
img881.jpg,train
img191.jpg,train
img632.jpg,train
img61.jpg,train
img1637.jpg,train
img640.jpg,train
img1151.jpg,train
img1233.jpg,train
img1409.jpg,train
img1365.jpg,train
img222.jpg,train
img802.jpg,train
img680.jpg,train
img87.jpg,train
img569.jpg,train
img50.jpg,train
img1492.jpg,train
img1321.jpg,train
img69.jpg,train
img1150.jpg,train
img1273.jpg,train
img910.jpg,train
img1886.jpg,train
img1667.jpg,train
img1782.jpg,train
img1482.jpg,train
img968.jpg,train
img906.jpg,train
img1261.jpg,train
img865.jpg,train
img1962.jpg,train
img1840.jpg,train
img1016.jpg,train
img1107.jpg,train
img413.jpg,train
img1982.jpg,train
img521.jpg,train
img370.jpg,train
img1018.jpg,train
img1506.jpg,train
img54.jpg,train
img846.jpg,train
img1814.jpg,train
img768.jpg,train
img1979.jpg,train
img972.jpg,train
img1703.jpg,train
img782.jpg,train
img595.jpg,train
img477.jpg,train
img270.jpg,train
img986.jpg,train
img1058.jpg,train
img607.jpg,train
img1889.jpg,train
img1021.jpg,train
img687.jpg,train
img1718.jpg,train
img150.jpg,train
img168.jpg,train
img1530.jpg,train
img115.jpg,train
img1542.jpg,train
img1192.jpg,train
img1345.jpg,train
img1589.jpg,train
img1128.jpg,train
img1163.jpg,train
img734.jpg,train
img840.jpg,train
img551.jpg,train
img1570.jpg,train
img403.jpg,train
img923.jpg,train
img40.jpg,train
img1948.jpg,train
img594.jpg,train
img735.jpg,train
img1445.jpg,train
img75.jpg,train
img620.jpg,train
img343.jpg,train
img176.jpg,train
img766.jpg,train
img1368.jpg,train
img712.jpg,train
img77.jpg,train
img1380.jpg,train
img1682.jpg,train
img1847.jpg,train
img1978.jpg,train
img1827.jpg,train
img94.jpg,train
img398.jpg,train
img106.jpg,train
img1663.jpg,train
img140.jpg,train
img1664.jpg,train
img1073.jpg,train
img1991.jpg,train
img490.jpg,train
img1086.jpg,train
img1037.jpg,train
img1566.jpg,train
img552.jpg,train
img408.jpg,train
img1312.jpg,train
img1487.jpg,train
img730.jpg,train
img296.jpg,train
img1927.jpg,train
img1773.jpg,train
img1426.jpg,train
img478.jpg,train
img312.jpg,train
img33.jpg,train
img804.jpg,train
img255.jpg,train
img83.jpg,train
img293.jpg,train
img350.jpg,train
img1347.jpg,train
img1953.jpg,train
img402.jpg,train
img708.jpg,train
img1122.jpg,train
img1319.jpg,train
img1044.jpg,train
img211.jpg,train
img545.jpg,train
img480.jpg,train
img744.jpg,train
img603.jpg,train
img122.jpg,train
img1828.jpg,train
img1127.jpg,train
img1471.jpg,train
img1881.jpg,train
img346.jpg,train
img853.jpg,train
img434.jpg,train
img294.jpg,train
img1332.jpg,train
img548.jpg,train
img80.jpg,train
img1183.jpg,train
img1126.jpg,train
img286.jpg,train
img456.jpg,train
img498.jpg,train
img591.jpg,train
img119.jpg,train
img1743.jpg,train
img1627.jpg,train
img514.jpg,train
img1799.jpg,train
img1408.jpg,train
img470.jpg,train
img1774.jpg,train
img1680.jpg,train
img1851.jpg,train
img280.jpg,train
img1026.jpg,train
img905.jpg,train
img7.jpg,train
img1053.jpg,train
img1027.jpg,train
img728.jpg,train
img219.jpg,train
img315.jpg,train
img1649.jpg,train
img1781.jpg,train
img16.jpg,train
img604.jpg,train
img1815.jpg,train
img333.jpg,train
img760.jpg,train
img1692.jpg,train
img1806.jpg,train
img868.jpg,train
img1571.jpg,train
img667.jpg,train
img381.jpg,train
img638.jpg,train
img1009.jpg,train
img1469.jpg,train
img1964.jpg,train
img1096.jpg,train
img1604.jpg,train
img609.jpg,train
img384.jpg,train
img602.jpg,train
img715.jpg,train
img636.jpg,train
img588.jpg,train
img1908.jpg,train
img223.jpg,train
img1520.jpg,train
img1887.jpg,train
img879.jpg,train
img27.jpg,train
img880.jpg,train
img643.jpg,train
img1832.jpg,train
img272.jpg,train
img1382.jpg,train
img1674.jpg,train
img109.jpg,train
img789.jpg,train
img1580.jpg,train
img395.jpg,train
img1904.jpg,train
img440.jpg,train
img1720.jpg,train
img108.jpg,train
img1265.jpg,train
img1683.jpg,train
img42.jpg,train
img390.jpg,train
img185.jpg,train
img724.jpg,train
img1717.jpg,train
img393.jpg,train
img1052.jpg,train
img203.jpg,train
img1868.jpg,train
img794.jpg,train
img1727.jpg,train
img648.jpg,train
img1209.jpg,train
img1854.jpg,train
img922.jpg,train
img1455.jpg,train
img663.jpg,train
img1131.jpg,train
img1366.jpg,train
img309.jpg,train
img1609.jpg,train
img1527.jpg,train
img1642.jpg,train
img1385.jpg,train
img553.jpg,train
img1406.jpg,train
img1099.jpg,train
img1602.jpg,train
img1739.jpg,train
img1632.jpg,train
img1644.jpg,train
img374.jpg,train
img1730.jpg,train
img1596.jpg,train
img1885.jpg,train
img217.jpg,train
img265.jpg,train
img740.jpg,train
img898.jpg,train
img763.jpg,train
img437.jpg,train
img1941.jpg,train
img814.jpg,train
img454.jpg,train
img803.jpg,train
img950.jpg,train
img1660.jpg,train
img116.jpg,train
img1431.jpg,train
img1497.jpg,train
img439.jpg,train
img660.jpg,train
img745.jpg,train
img240.jpg,train
img700.jpg,train
img1916.jpg,train
img1005.jpg,train
img788.jpg,train
img902.jpg,train
img433.jpg,train
img995.jpg,train
img601.jpg,train
img1250.jpg,train
img497.jpg,train
img1970.jpg,train
img753.jpg,train
img1202.jpg,train
img531.jpg,train
img931.jpg,train
img851.jpg,train
img932.jpg,train
img230.jpg,train
img901.jpg,train
img994.jpg,train
img645.jpg,train
img1149.jpg,train
img821.jpg,train
img1897.jpg,train
img654.jpg,train
img940.jpg,train
img124.jpg,train
img287.jpg,train
img301.jpg,train
img508.jpg,train
img310.jpg,train
img685.jpg,train
img1893.jpg,train
img1353.jpg,train
img1301.jpg,train
img1574.jpg,train
img1958.jpg,train
img1396.jpg,train
img1598.jpg,train
img1316.jpg,train
img1786.jpg,train
img703.jpg,train
img81.jpg,train
img1699.jpg,train
img458.jpg,train
img1529.jpg,train
img300.jpg,train
img800.jpg,train
img1526.jpg,train
img1541.jpg,train
img722.jpg,train
img1861.jpg,train
img1034.jpg,train
img1179.jpg,train
img893.jpg,train
img1810.jpg,train
img1249.jpg,train
img741.jpg,train
img961.jpg,train
img1867.jpg,train
img1129.jpg,train
img1473.jpg,train
img1634.jpg,train
img1563.jpg,train
img118.jpg,train
img1105.jpg,train
img1636.jpg,train
img250.jpg,train
img749.jpg,train
img1109.jpg,train
img340.jpg,train
img927.jpg,train
img38.jpg,train
img1575.jpg,train
img1414.jpg,train
img1533.jpg,train
img707.jpg,train
img869.jpg,train
img1884.jpg,train
img971.jpg,train
img1112.jpg,train
img1969.jpg,train
img628.jpg,train
img933.jpg,train
img1558.jpg,train
img896.jpg,train
img1093.jpg,train
img464.jpg,train
img1144.jpg,train
img590.jpg,train
img1038.jpg,train
img871.jpg,train
img1390.jpg,train
img190.jpg,train
img1014.jpg,train
img1484.jpg,train
img137.jpg,train
img649.jpg,train
img1315.jpg,train
img243.jpg,train
img890.jpg,train
img1822.jpg,train
img701.jpg,train
img486.jpg,train
img736.jpg,train
img1801.jpg,train
img201.jpg,train
img1862.jpg,train
img1700.jpg,train
img1266.jpg,train
img355.jpg,train
img1156.jpg,train
img422.jpg,train
img1475.jpg,train
img967.jpg,train
img221.jpg,train
img633.jpg,train
img327.jpg,train
img1437.jpg,train
img1618.jpg,train
img1523.jpg,train
img1817.jpg,train
img112.jpg,train
img949.jpg,train
img1546.jpg,train
img1354.jpg,train
img1189.jpg,train
img1371.jpg,train
img209.jpg,train
img937.jpg,train
img273.jpg,train
img1994.jpg,train
img791.jpg,train
img1846.jpg,train
img215.jpg,train
img919.jpg,train
img806.jpg,train
img889.jpg,train
img834.jpg,train
img1160.jpg,train
img1239.jpg,train
img1022.jpg,train
img311.jpg,train
img1420.jpg,train
img1501.jpg,train
img1483.jpg,train
img213.jpg,train
img72.jpg,train
img397.jpg,train
img32.jpg,train
img887.jpg,train
img11.jpg,train
img459.jpg,train
img1384.jpg,train
img96.jpg,train
img290.jpg,train
img757.jpg,train
img1856.jpg,train
img1628.jpg,train
img895.jpg,train
img1553.jpg,train
img1162.jpg,train
img465.jpg,train
img1155.jpg,train
img1177.jpg,train
img1049.jpg,train
img1913.jpg,train
img238.jpg,train
img1966.jpg,train
img946.jpg,train
img1462.jpg,train
img1103.jpg,train
img1965.jpg,train
img1381.jpg,train
img493.jpg,train
img1313.jpg,train
img420.jpg,train
img767.jpg,train
img1661.jpg,train
img1285.jpg,train
img45.jpg,train
img1524.jpg,train
img372.jpg,train
img1888.jpg,train
img1557.jpg,train
img130.jpg,train
img866.jpg,train
img134.jpg,train
img945.jpg,train
img513.jpg,train
img1673.jpg,train
img1931.jpg,train
img1091.jpg,train
img1535.jpg,train
img1415.jpg,train
img468.jpg,train
img1134.jpg,train
img17.jpg,train
img1742.jpg,train
img200.jpg,train
img1592.jpg,train
img778.jpg,train
img501.jpg,train
img1513.jpg,train
img189.jpg,train
img1785.jpg,train
img1871.jpg,train
img1895.jpg,train
img385.jpg,train
img410.jpg,train
img1489.jpg,train
img560.jpg,train
img1291.jpg,train
img103.jpg,train
img737.jpg,train
img155.jpg,train
img1067.jpg,train
img974.jpg,train
img977.jpg,train
img1165.jpg,train
img1351.jpg,train
img297.jpg,train
img320.jpg,train
img358.jpg,train
img1268.jpg,train
img1121.jpg,train
img28.jpg,train
img1756.jpg,train
img1977.jpg,train
img1117.jpg,train
img74.jpg,train
img1843.jpg,train
img1695.jpg,train
img377.jpg,train
img1459.jpg,train
img244.jpg,train
img379.jpg,train
img1625.jpg,train
img1253.jpg,train
img323.jpg,train
img711.jpg,train
img617.jpg,train
img1269.jpg,train
img1425.jpg,train
img156.jpg,train
img166.jpg,train
img672.jpg,train
img128.jpg,train
img966.jpg,train
img882.jpg,train
img611.jpg,train
img1255.jpg,train
img884.jpg,train
img1244.jpg,train
img316.jpg,train
img697.jpg,train
img1873.jpg,train
img500.jpg,train
img849.jpg,train
img1059.jpg,train
img770.jpg,train
img1480.jpg,train
img1030.jpg,train
img1035.jpg,train
img450.jpg,train
img1808.jpg,train
img84.jpg,train
img1754.jpg,train
img1669.jpg,train
img20.jpg,train
img952.jpg,train
img1028.jpg,train
img404.jpg,train
img1147.jpg,train
img1463.jpg,train
img1221.jpg,train
img692.jpg,train
img1677.jpg,train
img776.jpg,train
img1140.jpg,train
img411.jpg,train
img848.jpg,train
img681.jpg,train
img1374.jpg,train
img784.jpg,train
img1882.jpg,train
img1227.jpg,train
img1749.jpg,train
img936.jpg,train
img268.jpg,train
img48.jpg,train
img165.jpg,train
img153.jpg,train
img1967.jpg,train
img1502.jpg,train
img193.jpg,train
img683.jpg,train
img1990.jpg,train
img1562.jpg,train
img1599.jpg,train
img1909.jpg,train
img362.jpg,train
img13.jpg,train
img1222.jpg,train
img1689.jpg,train
img1411.jpg,train
img436.jpg,train
img930.jpg,train
img1857.jpg,train
img1297.jpg,train
img1540.jpg,train
img1510.jpg,train
img258.jpg,train
img1047.jpg,train
img1769.jpg,train
img1375.jpg,train
img236.jpg,train
img463.jpg,train
img1197.jpg,train
img1467.jpg,train
img677.jpg,train
img1003.jpg,train
img1915.jpg,train
img608.jpg,train
img1668.jpg,train
img575.jpg,train
img1724.jpg,train
img1736.jpg,train
img324.jpg,train
img785.jpg,train
img1903.jpg,train
img1805.jpg,train
img1407.jpg,train
img719.jpg,train
img143.jpg,train
img1842.jpg,train
img242.jpg,train
img921.jpg,train
img1995.jpg,train
img1433.jpg,train
img518.jpg,train
img95.jpg,train
img1229.jpg,train
img619.jpg,train
img1387.jpg,train
img159.jpg,train
img1298.jpg,train
img46.jpg,train
img810.jpg,train
img1237.jpg,train
img1344.jpg,train
img1688.jpg,train
img302.jpg,train
img430.jpg,train
img1708.jpg,train
img342.jpg,train
img1057.jpg,train
img1446.jpg,train
img1623.jpg,train
img1157.jpg,train
img475.jpg,train
img349.jpg,train
img1865.jpg,train
img275.jpg,train
img100.jpg,train
img1532.jpg,train
img646.jpg,train
img34.jpg,train
img938.jpg,train
img1615.jpg,train
img207.jpg,train
img891.jpg,train
img547.jpg,train
img394.jpg,train
img412.jpg,train
img1569.jpg,train
img63.jpg,train
img1554.jpg,train
img1528.jpg,train
img684.jpg,train
img162.jpg,train
img1579.jpg,train
img669.jpg,train
img1481.jpg,train
img1765.jpg,train
img1011.jpg,train
img1240.jpg,train
img1378.jpg,train
img494.jpg,train
img1369.jpg,train
img573.jpg,train
img125.jpg,train
img135.jpg,train
img1394.jpg,train
img1485.jpg,train
img167.jpg,train
img562.jpg,train
img1472.jpg,train
img1746.jpg,train
img678.jpg,train
img1403.jpg,train
img1784.jpg,train
img417.jpg,train
img1152.jpg,train
img1721.jpg,train
img1148.jpg,train
img565.jpg,train
img442.jpg,train
img138.jpg,train
img1974.jpg,train
img756.jpg,train
img1940.jpg,train
img1020.jpg,train
img1458.jpg,train
img365.jpg,train
img688.jpg,train
img1819.jpg,train
img976.jpg,train
img1278.jpg,train
img1883.jpg,train
img25.jpg,train
img1539.jpg,train
img232.jpg,train
img198.jpg,train
img339.jpg,train
img1716.jpg,train
img1998.jpg,train
img1616.jpg,train
img904.jpg,train
img1164.jpg,train
img797.jpg,train
img392.jpg,train
img751.jpg,train
img1876.jpg,train
img467.jpg,train
img861.jpg,train
img1959.jpg,train
img841.jpg,train
img1671.jpg,train
img59.jpg,train
img353.jpg,train
img605.jpg,train
img1000.jpg,train
img1392.jpg,train
img277.jpg,train
img1001.jpg,train
img145.jpg,train
img1357.jpg,train
img1267.jpg,train
img1280.jpg,train
img540.jpg,train
img1961.jpg,train
img903.jpg,train
img91.jpg,train
img1089.jpg,train
img260.jpg,train
img1248.jpg,train
img197.jpg,train
img1821.jpg,train
img1235.jpg,train
img214.jpg,train
img1578.jpg,train
img1901.jpg,train
img53.jpg,train
img732.jpg,train
img738.jpg,train
img676.jpg,train
img1722.jpg,train
img1852.jpg,train
img68.jpg,train
img1279.jpg,train
img653.jpg,train
img713.jpg,train
img1236.jpg,train
img1326.jpg,train
img958.jpg,train
img1296.jpg,train
img322.jpg,train
img1065.jpg,train
img975.jpg,train
img624.jpg,train
img1271.jpg,train
img852.jpg,train
img329.jpg,train
img962.jpg,train
img935.jpg,train
img1350.jpg,train
img1496.jpg,train
img1442.jpg,train
img202.jpg,train
img847.jpg,train
img196.jpg,train
img993.jpg,train
img1386.jpg,train
img428.jpg,train
img1734.jpg,train
img1763.jpg,train
img1118.jpg,train
img1902.jpg,train
img195.jpg,train
img883.jpg,train
img1833.jpg,train
img1556.jpg,train
img144.jpg,train
img822.jpg,train
img916.jpg,train
img1729.jpg,train
img1119.jpg,train
img1585.jpg,train
img334.jpg,train
img762.jpg,train
img177.jpg,train
img743.jpg,train
img1938.jpg,train
img1306.jpg,train
img600.jpg,train
img157.jpg,train
img1370.jpg,train
img1900.jpg,train
img912.jpg,train
img1168.jpg,train
img1477.jpg,train
img1399.jpg,train
img387.jpg,train
img661.jpg,train
img180.jpg,train
img577.jpg,train
img1537.jpg,train
img31.jpg,train
img587.jpg,train
img132.jpg,train
img1276.jpg,train
img1339.jpg,train
img790.jpg,train
img1169.jpg,train
img1973.jpg,train
img88.jpg,train
img1401.jpg,train
img352.jpg,train
img246.jpg,train
img695.jpg,train
img462.jpg,train
img36.jpg,train
img504.jpg,train
img1201.jpg,train
img1317.jpg,train
img1711.jpg,train
img1694.jpg,train
img298.jpg,train
img973.jpg,train
img170.jpg,train
img3.jpg,train
img1330.jpg,train
img1567.jpg,train
img251.jpg,train
img1358.jpg,train
img107.jpg,train
img1494.jpg,train
img1949.jpg,train
img1161.jpg,train
img345.jpg,train
img1309.jpg,train
img391.jpg,train
img1211.jpg,train
img89.jpg,train
img1767.jpg,train
img1522.jpg,train
img1500.jpg,train
img1845.jpg,train
img1225.jpg,train
img1848.jpg,train
img1036.jpg,train
img1869.jpg,train
img56.jpg,train
img1684.jpg,train
img727.jpg,train
img226.jpg,train
img920.jpg,train
img1764.jpg,train
img1665.jpg,train
img699.jpg,train
img566.jpg,train
img1701.jpg,train
img1872.jpg,train
img748.jpg,train
img1875.jpg,train
img1422.jpg,train
img731.jpg,train
img1929.jpg,train
img419.jpg,train
img528.jpg,train
img1372.jpg,train
img245.jpg,train
img1921.jpg,train
img1813.jpg,train
img1435.jpg,train
img1069.jpg,train
img1323.jpg,train
img204.jpg,train
img1709.jpg,train
img1010.jpg,train
img1364.jpg,train
img1750.jpg,train
img1335.jpg,train
img1543.jpg,train
img474.jpg,train
img1341.jpg,train
img1432.jpg,train
img253.jpg,train
img178.jpg,train
img22.jpg,train
img1906.jpg,train
img1286.jpg,train
img1074.jpg,train
img698.jpg,train
img1583.jpg,train
img1159.jpg,train
img267.jpg,train
img1379.jpg,train
img70.jpg,train
img965.jpg,train
img1348.jpg,train
img71.jpg,train
img487.jpg,train
img1281.jpg,train
img1287.jpg,train
img739.jpg,train
img1238.jpg,train
img396.jpg,train
img368.jpg,train
img1779.jpg,train
img1584.jpg,train
img460.jpg,train
img970.jpg,train
img1614.jpg,train
img1666.jpg,train
img383.jpg,train
img1831.jpg,train
img1388.jpg,train
img186.jpg,train
img373.jpg,train
img426.jpg,train
img1051.jpg,train
img1143.jpg,train
img826.jpg,train
img1686.jpg,train
img918.jpg,train
img2.jpg,train
img777.jpg,train
img432.jpg,train
img9.jpg,train
img1241.jpg,train
img1737.jpg,train
img1534.jpg,train
img934.jpg,train
img1517.jpg,train
img657.jpg,train
img1464.jpg,train
img416.jpg,train
img670.jpg,train
img1361.jpg,train
img199.jpg,train
img1389.jpg,train
img1182.jpg,train
img1617.jpg,train
img380.jpg,train
img1841.jpg,train
img1015.jpg,train
img1204.jpg,train
img271.jpg,train
img659.jpg,train
img1007.jpg,train
img1587.jpg,train
img686.jpg,train
img1288.jpg,train
img639.jpg,train
img1087.jpg,train
img507.jpg,train
img364.jpg,train
img435.jpg,train
img1391.jpg,train
img1550.jpg,train
img1060.jpg,train
img1111.jpg,train
img6.jpg,train
img1600.jpg,train
img1880.jpg,train
img18.jpg,train
img863.jpg,train
img1100.jpg,train
img987.jpg,train
img899.jpg,train
img761.jpg,train
img783.jpg,train
img292.jpg,train
img1.jpg,train
img1486.jpg,train
img1224.jpg,train
img225.jpg,train
img1490.jpg,train
img1679.jpg,train
img1597.jpg,train
img187.jpg,train
img1427.jpg,train
img1045.jpg,train
img1866.jpg,train
img1926.jpg,train
img453.jpg,train
img1772.jpg,train
img1968.jpg,train
img915.jpg,train
img1912.jpg,train
img1187.jpg,train
img1947.jpg,train
img831.jpg,train
img1226.jpg,train
img332.jpg,train
img1762.jpg,train
img947.jpg,train
img1505.jpg,train
img886.jpg,train
img1715.jpg,train
img1646.jpg,train
img691.jpg,train
img110.jpg,train
img1780.jpg,train
img1768.jpg,train
img317.jpg,train
img285.jpg,train
img1740.jpg,train
img1783.jpg,train
img1704.jpg,train
img1423.jpg,train
img509.jpg,train
img1468.jpg,train
img1559.jpg,train
img917.jpg,train
img516.jpg,train
img1797.jpg,train
img1516.jpg,train
img482.jpg,train
img558.jpg,train
img964.jpg,train
img1508.jpg,train
img721.jpg,train
img361.jpg,train
img1154.jpg,train
img1607.jpg,train
img979.jpg,train
img750.jpg,train
img1264.jpg,train
img828.jpg,train
img1655.jpg,train
img1687.jpg,train
img113.jpg,train
img1465.jpg,train
img1207.jpg,train
img1705.jpg,train
img563.jpg,train
img808.jpg,train
img1519.jpg,train
img1985.jpg,train
img229.jpg,train
img278.jpg,train
img877.jpg,train
img1863.jpg,train
img151.jpg,train
img158.jpg,train
img1219.jpg,train
img647.jpg,train
img944.jpg,train
img1191.jpg,train
img30.jpg,train
img764.jpg,train
img1217.jpg,train
img131.jpg,train
img441.jpg,train
img1853.jpg,train
img1758.jpg,train
img742.jpg,train
img23.jpg,train
img1206.jpg,train
img35.jpg,train
img505.jpg,train
img348.jpg,train
img515.jpg,train
img1331.jpg,train
img1444.jpg,train
img1552.jpg,train
img429.jpg,train
img1858.jpg,train
img261.jpg,train
img1988.jpg,train
img1413.jpg,train
img554.jpg,train
img284.jpg,train
img1812.jpg,train
img716.jpg,train
img1075.jpg,train
img1759.jpg,train
img363.jpg,train
img1095.jpg,train
img79.jpg,train
img220.jpg,train
img991.jpg,train
img1033.jpg,train
img1259.jpg,train
img579.jpg,train
img529.jpg,train
img57.jpg,train
img1610.jpg,train
img1123.jpg,train
img2001.jpg,train
img1213.jpg,train
img1975.jpg,train
img4.jpg,train
img1333.jpg,train
img593.jpg,train
img908.jpg,train
img1172.jpg,train
img308.jpg,train
img1732.jpg,train
img858.jpg,train
img330.jpg,train
img596.jpg,train
img532.jpg,train
img981.jpg,train
img878.jpg,train
img1078.jpg,train
img473.jpg,train
img495.jpg,train
img1137.jpg,train
img1723.jpg,train
img314.jpg,train
img655.jpg,train
img452.jpg,train
img1788.jpg,train
img1178.jpg,train
img142.jpg,train
img907.jpg,train
img1551.jpg,train
img510.jpg,train
img252.jpg,train
img360.jpg,train
img1896.jpg,train
img431.jpg,train
img1064.jpg,train
img1844.jpg,train
img813.jpg,train
img1676.jpg,train
img1307.jpg,train
img1594.jpg,train
img451.jpg,train
img97.jpg,train
img1635.jpg,train
img503.jpg,train
img824.jpg,train
img956.jpg,train
img1860.jpg,train
img747.jpg,train
img263.jpg,train
img1200.jpg,train
img1356.jpg,train
img825.jpg,train
img1800.jpg,train
img1547.jpg,train
img888.jpg,train
img102.jpg,train
img44.jpg,train
img1017.jpg,train
img291.jpg,train
img978.jpg,train
img1536.jpg,train
img820.jpg,train
img954.jpg,train
img423.jpg,train
img581.jpg,train
img1355.jpg,train
img634.jpg,train
img774.jpg,train
img1601.jpg,train
img1838.jpg,train
img1928.jpg,train
img1113.jpg,train
img1919.jpg,train
img1443.jpg,train
img306.jpg,train
img174.jpg,train
img815.jpg,train
img706.jpg,train
img120.jpg,train
img126.jpg,train
img1654.jpg,train
img696.jpg,train
img606.jpg,train
img1094.jpg,train
img344.jpg,train
img854.jpg,train
img1613.jpg,train
img1761.jpg,train
img1102.jpg,train
img256.jpg,train
img1190.jpg,train
img1076.jpg,train
img926.jpg,train
img1136.jpg,train
img1573.jpg,train
img1257.jpg,train
img838.jpg,train
img752.jpg,train
img1755.jpg,train
img1712.jpg,train
img1910.jpg,train
img1056.jpg,train
img1132.jpg,train
img1789.jpg,train
img305.jpg,train
img444.jpg,train
img184.jpg,train
img523.jpg,train
img837.jpg,train
img517.jpg,train
img1918.jpg,train
img1429.jpg,train
img572.jpg,train
img1116.jpg,train
img1447.jpg,train
img347.jpg,train
img86.jpg,train
img928.jpg,train
img1996.jpg,train
img765.jpg,train
img1180.jpg,train
img1804.jpg,train
img407.jpg,train
img1957.jpg,train
img506.jpg,train
img1787.jpg,train
img1340.jpg,train
img1495.jpg,train
img1807.jpg,train
img1914.jpg,train
img1728.jpg,train
img1343.jpg,train
img1621.jpg,train
img546.jpg,train
img885.jpg,train
img406.jpg,train
img484.jpg,train
img1215.jpg,train
img781.jpg,train
img502.jpg,train
img1029.jpg,train
img147.jpg,train
img576.jpg,train
img1920.jpg,train
img538.jpg,train
img795.jpg,train
img1793.jpg,train
img984.jpg,train
img154.jpg,train
img1325.jpg,train
img1839.jpg,train
img1693.jpg,train
img388.jpg,train
img76.jpg,train
img62.jpg,train
img894.jpg,train
img623.jpg,train
img1830.jpg,train
img1216.jpg,train
img1066.jpg,train
img786.jpg,train
img386.jpg,train
img817.jpg,train
img281.jpg,train
img725.jpg,train
img1194.jpg,train
img1258.jpg,train
