epoch,train_loss,val_foreground_iou,val_background_iou,val_miou,val_dice,val_precision,val_recall,val_background_acc,val_mpa,val_loss
1,0.7387506791523525,0.1567727029323578,0.8133277297019958,0.4850502014160156,0.22696952521800995,0.17968356609344482,0.8424733877182007,0.824089527130127,0.8332815170288086,0.692002328995027
2,0.6899273326567241,0.21659240126609802,0.9109137058258057,0.563753068447113,0.2979716956615448,0.30277344584465027,0.670928418636322,0.9299569725990295,0.8004426956176758,0.6883264478099974
3,0.6711973583698273,0.26652008295059204,0.9035581946372986,0.5850390791893005,0.35561907291412354,0.3342430293560028,0.7581944465637207,0.9127208590507507,0.8354575634002686,0.6180192596818271
4,0.6647536666904177,0.21815775334835052,0.8326592445373535,0.5254084467887878,0.29685547947883606,0.24617524445056915,0.862047553062439,0.8374142050743103,0.8497308492660522,0.6354666324822527
5,0.6573510367529732,0.31587904691696167,0.902674674987793,0.6092768311500549,0.397769570350647,0.43159788846969604,0.7152993679046631,0.9116578102111816,0.8134785890579224,0.6194971760636881
6,0.6525328701734543,0.27342545986175537,0.9315600991249084,0.6024927496910095,0.3682824969291687,0.33189690113067627,0.7672604322433472,0.9521512985229492,0.8597058057785034,0.6226333160149423
7,0.6494783266953059,0.2584364712238312,0.9101775288581848,0.5843070149421692,0.3472067415714264,0.2978839576244354,0.8149468898773193,0.919685959815979,0.867316484451294,0.61040261858388
8,0.6376841541699001,0.25690460205078125,0.8703811764717102,0.5636429190635681,0.3451439142227173,0.29333606362342834,0.8494129180908203,0.8755301833152771,0.8624714612960815,0.5977269442457902
9,0.6377069624832699,0.2634424567222595,0.8838577270507812,0.573650062084198,0.35450005531311035,0.29973897337913513,0.8363493084907532,0.8892244100570679,0.8627868890762329,0.5829690353650796
10,0.6354320745808738,0.26220858097076416,0.887427568435669,0.5748180747032166,0.3553470969200134,0.3039672076702118,0.8123282790184021,0.8955820202827454,0.8539550304412842,0.6014913885216964
11,0.6110388463735581,0.2947889566421509,0.8979726433753967,0.5963807702064514,0.3923572897911072,0.34229716658592224,0.8071774244308472,0.9045194983482361,0.8558484315872192,0.558578163777527
12,0.6246030389411109,0.21165043115615845,0.8653355836868286,0.5384930372238159,0.2880370318889618,0.24298080801963806,0.8458463549613953,0.8727364540100098,0.8592913746833801,0.6366735430140245
13,0.6258443918398449,0.29443129897117615,0.8939377069473267,0.5941845178604126,0.3841022551059723,0.33090904355049133,0.8499110341072083,0.899852991104126,0.8748819828033447,0.55743544823245
