epoch,train_loss,val_foreground_iou,val_background_iou,val_miou,val_dice,val_precision,val_recall,val_loss
1,0.5428662755659648,0.4494953453540802,0.9073713421821594,0.6784334182739258,0.5503870844841003,0.500632107257843,0.8728430867195129,0.41621786473613037
2,0.4075248855778149,0.5624862909317017,0.9348277449607849,0.7486569881439209,0.6637228727340698,0.6854763627052307,0.7953256964683533,0.33012539226757853
3,0.3512485239122595,0.5696957111358643,0.9390915632247925,0.7543936967849731,0.6647019386291504,0.7449532151222229,0.7424241304397583,0.34572388315083163
4,0.3406958461659295,0.5975072979927063,0.9451113343238831,0.7713093757629395,0.6988438367843628,0.7278896570205688,0.7819619178771973,0.3099041017948797
5,0.32517697896276204,0.5789905190467834,0.9401029944419861,0.7595467567443848,0.6817950010299683,0.6704524755477905,0.8418641090393066,0.30053248874058847
6,0.30147690850709163,0.6080800890922546,0.953854501247406,0.7809673547744751,0.7082709074020386,0.7512414455413818,0.7699161767959595,0.31154272876875966
7,0.28130513689347675,0.6245013475418091,0.945704996585846,0.7851032018661499,0.7252718210220337,0.7477999329566956,0.7999868392944336,0.27606164487568957
8,0.2855682679052864,0.6108768582344055,0.9486641883850098,0.77977055311203,0.7126214504241943,0.7002992630004883,0.837791383266449,0.278718017482836
9,0.28396808271961554,0.6067805886268616,0.9470673203468323,0.7769238948822021,0.7096203565597534,0.6923267841339111,0.8401774168014526,0.27895217584936244
10,0.2824002758839301,0.5889173746109009,0.9430273175239563,0.7659723162651062,0.6910192966461182,0.6761940717697144,0.8521198034286499,0.286862639906375
11,0.26532575743538994,0.5984672904014587,0.9361906051635742,0.7673289775848389,0.7026060819625854,0.6694447994232178,0.8698513507843018,0.27190051619943817
12,0.2702303855174354,0.6276427507400513,0.9487443566322327,0.7881935834884644,0.7292664051055908,0.7211105227470398,0.8410084843635559,0.2588883794255947
13,0.2502097551777427,0.6157416701316833,0.938511848449707,0.7771267890930176,0.7198836803436279,0.6949132084846497,0.8598238229751587,0.26756785452169807
14,0.254691003454583,0.6113842129707336,0.935447096824646,0.773415744304657,0.7128798961639404,0.6986526250839233,0.8461858034133911,0.26870853522498356
15,0.24496551757944482,0.6249437928199768,0.9427322745323181,0.7838380336761475,0.7268775105476379,0.716231107711792,0.8504780530929565,0.2637547514842529
16,0.2355077241840107,0.6369486451148987,0.9478745460510254,0.7924116253852844,0.7373483180999756,0.742946445941925,0.8305017948150635,0.25826265613891575
17,0.24952369113053594,0.6348916888237,0.9445799589157104,0.7897357940673828,0.7368637323379517,0.7208954095840454,0.8552669882774353,0.25391286023353277
18,0.22899260081616896,0.6452715396881104,0.9556064605712891,0.8004390597343445,0.7457789182662964,0.7321534156799316,0.8539801836013794,0.24706967939671717
19,0.22754903892321246,0.6486515402793884,0.9459295272827148,0.7972905039787292,0.7492014765739441,0.7689390182495117,0.8201860189437866,0.2528235837572107
20,0.22170493040233852,0.6417827010154724,0.9517347812652588,0.7967587113380432,0.7412499189376831,0.752230703830719,0.8221784830093384,0.26069946209655
21,0.22921997818563666,0.6319912672042847,0.9475022554397583,0.7897467613220215,0.7329298257827759,0.7242879867553711,0.8457268476486206,0.2603198020277839
22,0.22933931158123805,0.6315749287605286,0.9483224749565125,0.7899486422538757,0.7336673140525818,0.694322407245636,0.8822828531265259,0.2487146293156241
23,0.21500797782558947,0.6404643654823303,0.9423257112503052,0.7913950085639954,0.7415122389793396,0.7313797473907471,0.8529520034790039,0.24943119811972506
24,0.23428918968420476,0.612078070640564,0.9443231821060181,0.7782005071640015,0.7125252485275269,0.6829017996788025,0.8703380227088928,0.26575454339188964
25,0.22033704744918006,0.6340208649635315,0.9541296362876892,0.7940752506256104,0.7333602905273438,0.7088314890861511,0.8685111403465271,0.24577472760881247
26,0.21465341326913664,0.659837007522583,0.9510675668716431,0.805452287197113,0.7548859119415283,0.806408166885376,0.7914609909057617,0.2585821085070309
27,0.2096092483827046,0.6424099802970886,0.9499281644821167,0.7961690425872803,0.741508960723877,0.7325634956359863,0.8515340089797974,0.24695700505062154
28,0.2162205850652286,0.646996021270752,0.949975311756134,0.7984856367111206,0.7471418976783752,0.7293328642845154,0.8636972308158875,0.2397569193455734
29,0.20127355255718743,0.6542017459869385,0.9533360600471497,0.8037689328193665,0.7523469924926758,0.7360830307006836,0.8606396913528442,0.240593277849257
30,0.20524497409949877,0.6590763330459595,0.9527849555015564,0.8059306144714355,0.7571321129798889,0.7520405054092407,0.8505963087081909,0.24256360628887227
31,0.19817116865489098,0.6455042362213135,0.9484604001045227,0.7969822883605957,0.7446447610855103,0.7311943769454956,0.8602938652038574,0.24267517093961177
32,0.19691093089857273,0.6565099954605103,0.9541195034980774,0.8053147196769714,0.7548932433128357,0.7545434832572937,0.8440608382225037,0.2433217789879755
33,0.20098377581286644,0.6518793106079102,0.9519239664077759,0.8019016981124878,0.7494106888771057,0.7417783141136169,0.8588590621948242,0.24106346212915683
34,0.19842851268526698,0.6646105051040649,0.9520106315612793,0.8083105087280273,0.7610248327255249,0.7720634937286377,0.8378311991691589,0.23453868729503533
35,0.19137451889059906,0.6628148555755615,0.9540037512779236,0.8084092736244202,0.7583630681037903,0.7718887329101562,0.8390378952026367,0.24709427724347302
36,0.18495908045076898,0.6751601099967957,0.9577206969261169,0.8164404034614563,0.7701855897903442,0.7893489599227905,0.8301295638084412,0.23915271171809813
37,0.19567652342724615,0.640247642993927,0.9420857429504395,0.7911666035652161,0.7399795651435852,0.7061159014701843,0.8869695067405701,0.23778371895222286
38,0.19064168441313087,0.6571261286735535,0.955295205116272,0.8062106370925903,0.7535290122032166,0.7516764402389526,0.8531169891357422,0.23464543654240275
39,0.18428186183629025,0.661619246006012,0.9494701623916626,0.8055446743965149,0.7577870488166809,0.7572923302650452,0.8531695008277893,0.23808958472095823
40,0.1881792627600953,0.6708663105964661,0.9579783082008362,0.8144223093986511,0.7664099335670471,0.7642183303833008,0.8561413288116455,0.22754893505847767
